[
  {
    "fields": {
      "app_label": "admin", 
      "model": "logentry"
    }, 
    "model": "contenttypes.contenttype", 
    "pk": 1
  }, 
  {
    "fields": {
      "app_label": "auth", 
      "model": "permission"
    }, 
    "model": "contenttypes.contenttype", 
    "pk": 2
  }, 
  {
    "fields": {
      "app_label": "auth", 
      "model": "group"
    }, 
    "model": "contenttypes.contenttype", 
    "pk": 3
  }, 
  {
    "fields": {
      "app_label": "auth", 
      "model": "user"
    }, 
    "model": "contenttypes.contenttype", 
    "pk": 4
  }, 
  {
    "fields": {
      "app_label": "contenttypes", 
      "model": "contenttype"
    }, 
    "model": "contenttypes.contenttype", 
    "pk": 5
  }, 
  {
    "fields": {
      "app_label": "sessions", 
      "model": "session"
    }, 
    "model": "contenttypes.contenttype", 
    "pk": 6
  }, 
  {
    "fields": {
      "app_label": "oauth2_provider", 
      "model": "application"
    }, 
    "model": "contenttypes.contenttype", 
    "pk": 7
  }, 
  {
    "fields": {
      "app_label": "oauth2_provider", 
      "model": "accesstoken"
    }, 
    "model": "contenttypes.contenttype", 
    "pk": 8
  }, 
  {
    "fields": {
      "app_label": "oauth2_provider", 
      "model": "grant"
    }, 
    "model": "contenttypes.contenttype", 
    "pk": 9
  }, 
  {
    "fields": {
      "app_label": "oauth2_provider", 
      "model": "refreshtoken"
    }, 
    "model": "contenttypes.contenttype", 
    "pk": 10
  }, 
  {
    "fields": {
      "app_label": "content", 
      "model": "imagecontent"
    }, 
    "model": "contenttypes.contenttype", 
    "pk": 11
  }, 
  {
    "fields": {
      "app_label": "content", 
      "model": "project"
    }, 
    "model": "contenttypes.contenttype", 
    "pk": 12
  }, 
  {
    "fields": {
      "app_label": "content", 
      "model": "section"
    }, 
    "model": "contenttypes.contenttype", 
    "pk": 13
  }, 
  {
    "fields": {
      "expire_date": "2018-10-02T07:58:44.944Z", 
      "session_data": "MjczZDA4Yjk2NTc4ZDc0NmQxZjZhMTJlMDhkMmRkMDU5MTY0MGIwZDp7Il9hdXRoX3VzZXJfaWQiOiIzIiwiX2F1dGhfdXNlcl9iYWNrZW5kIjoiZGphbmdvLmNvbnRyaWIuYXV0aC5iYWNrZW5kcy5Nb2RlbEJhY2tlbmQiLCJfYXV0aF91c2VyX2hhc2giOiJkZWY5MDUxNDQwNzQzMmJkM2NkNjNmMWYwYjBmMzNmYjVjMmIwMWExIn0="
    }, 
    "model": "sessions.session", 
    "pk": "4vpunyi2xsamlr1zrilyur66f1y18va2"
  }, 
  {
    "fields": {
      "expire_date": "2018-10-02T14:27:13.488Z", 
      "session_data": "YjE4ZTAwN2FjYWE4NTgyZDQ5ODNkYTEwODQzNDVmYTk2ZmE3NzRmOTp7Il9hdXRoX3VzZXJfaWQiOiIxIiwiX2F1dGhfdXNlcl9iYWNrZW5kIjoiZGphbmdvLmNvbnRyaWIuYXV0aC5iYWNrZW5kcy5Nb2RlbEJhY2tlbmQiLCJfYXV0aF91c2VyX2hhc2giOiJiNWUyN2I1ZGQ1ZTA5NWRmNjgyZjJkM2M4Yzk0ZmM2Zjg4MTY4NWUwIn0="
    }, 
    "model": "sessions.session", 
    "pk": "7zml52z67ekvubz1ztxjczoaoeo54bpg"
  }, 
  {
    "fields": {
      "codename": "add_logentry", 
      "content_type": 1, 
      "name": "Can add log entry"
    }, 
    "model": "auth.permission", 
    "pk": 1
  }, 
  {
    "fields": {
      "codename": "change_logentry", 
      "content_type": 1, 
      "name": "Can change log entry"
    }, 
    "model": "auth.permission", 
    "pk": 2
  }, 
  {
    "fields": {
      "codename": "delete_logentry", 
      "content_type": 1, 
      "name": "Can delete log entry"
    }, 
    "model": "auth.permission", 
    "pk": 3
  }, 
  {
    "fields": {
      "codename": "add_permission", 
      "content_type": 2, 
      "name": "Can add permission"
    }, 
    "model": "auth.permission", 
    "pk": 4
  }, 
  {
    "fields": {
      "codename": "change_permission", 
      "content_type": 2, 
      "name": "Can change permission"
    }, 
    "model": "auth.permission", 
    "pk": 5
  }, 
  {
    "fields": {
      "codename": "delete_permission", 
      "content_type": 2, 
      "name": "Can delete permission"
    }, 
    "model": "auth.permission", 
    "pk": 6
  }, 
  {
    "fields": {
      "codename": "add_group", 
      "content_type": 3, 
      "name": "Can add group"
    }, 
    "model": "auth.permission", 
    "pk": 7
  }, 
  {
    "fields": {
      "codename": "change_group", 
      "content_type": 3, 
      "name": "Can change group"
    }, 
    "model": "auth.permission", 
    "pk": 8
  }, 
  {
    "fields": {
      "codename": "delete_group", 
      "content_type": 3, 
      "name": "Can delete group"
    }, 
    "model": "auth.permission", 
    "pk": 9
  }, 
  {
    "fields": {
      "codename": "add_user", 
      "content_type": 4, 
      "name": "Can add user"
    }, 
    "model": "auth.permission", 
    "pk": 10
  }, 
  {
    "fields": {
      "codename": "change_user", 
      "content_type": 4, 
      "name": "Can change user"
    }, 
    "model": "auth.permission", 
    "pk": 11
  }, 
  {
    "fields": {
      "codename": "delete_user", 
      "content_type": 4, 
      "name": "Can delete user"
    }, 
    "model": "auth.permission", 
    "pk": 12
  }, 
  {
    "fields": {
      "codename": "add_contenttype", 
      "content_type": 5, 
      "name": "Can add content type"
    }, 
    "model": "auth.permission", 
    "pk": 13
  }, 
  {
    "fields": {
      "codename": "change_contenttype", 
      "content_type": 5, 
      "name": "Can change content type"
    }, 
    "model": "auth.permission", 
    "pk": 14
  }, 
  {
    "fields": {
      "codename": "delete_contenttype", 
      "content_type": 5, 
      "name": "Can delete content type"
    }, 
    "model": "auth.permission", 
    "pk": 15
  }, 
  {
    "fields": {
      "codename": "add_session", 
      "content_type": 6, 
      "name": "Can add session"
    }, 
    "model": "auth.permission", 
    "pk": 16
  }, 
  {
    "fields": {
      "codename": "change_session", 
      "content_type": 6, 
      "name": "Can change session"
    }, 
    "model": "auth.permission", 
    "pk": 17
  }, 
  {
    "fields": {
      "codename": "delete_session", 
      "content_type": 6, 
      "name": "Can delete session"
    }, 
    "model": "auth.permission", 
    "pk": 18
  }, 
  {
    "fields": {
      "codename": "add_application", 
      "content_type": 7, 
      "name": "Can add application"
    }, 
    "model": "auth.permission", 
    "pk": 19
  }, 
  {
    "fields": {
      "codename": "change_application", 
      "content_type": 7, 
      "name": "Can change application"
    }, 
    "model": "auth.permission", 
    "pk": 20
  }, 
  {
    "fields": {
      "codename": "delete_application", 
      "content_type": 7, 
      "name": "Can delete application"
    }, 
    "model": "auth.permission", 
    "pk": 21
  }, 
  {
    "fields": {
      "codename": "add_accesstoken", 
      "content_type": 8, 
      "name": "Can add access token"
    }, 
    "model": "auth.permission", 
    "pk": 22
  }, 
  {
    "fields": {
      "codename": "change_accesstoken", 
      "content_type": 8, 
      "name": "Can change access token"
    }, 
    "model": "auth.permission", 
    "pk": 23
  }, 
  {
    "fields": {
      "codename": "delete_accesstoken", 
      "content_type": 8, 
      "name": "Can delete access token"
    }, 
    "model": "auth.permission", 
    "pk": 24
  }, 
  {
    "fields": {
      "codename": "add_grant", 
      "content_type": 9, 
      "name": "Can add grant"
    }, 
    "model": "auth.permission", 
    "pk": 25
  }, 
  {
    "fields": {
      "codename": "change_grant", 
      "content_type": 9, 
      "name": "Can change grant"
    }, 
    "model": "auth.permission", 
    "pk": 26
  }, 
  {
    "fields": {
      "codename": "delete_grant", 
      "content_type": 9, 
      "name": "Can delete grant"
    }, 
    "model": "auth.permission", 
    "pk": 27
  }, 
  {
    "fields": {
      "codename": "add_refreshtoken", 
      "content_type": 10, 
      "name": "Can add refresh token"
    }, 
    "model": "auth.permission", 
    "pk": 28
  }, 
  {
    "fields": {
      "codename": "change_refreshtoken", 
      "content_type": 10, 
      "name": "Can change refresh token"
    }, 
    "model": "auth.permission", 
    "pk": 29
  }, 
  {
    "fields": {
      "codename": "delete_refreshtoken", 
      "content_type": 10, 
      "name": "Can delete refresh token"
    }, 
    "model": "auth.permission", 
    "pk": 30
  }, 
  {
    "fields": {
      "codename": "add_imagecontent", 
      "content_type": 11, 
      "name": "Can add image content"
    }, 
    "model": "auth.permission", 
    "pk": 31
  }, 
  {
    "fields": {
      "codename": "change_imagecontent", 
      "content_type": 11, 
      "name": "Can change image content"
    }, 
    "model": "auth.permission", 
    "pk": 32
  }, 
  {
    "fields": {
      "codename": "delete_imagecontent", 
      "content_type": 11, 
      "name": "Can delete image content"
    }, 
    "model": "auth.permission", 
    "pk": 33
  }, 
  {
    "fields": {
      "codename": "add_project", 
      "content_type": 12, 
      "name": "Can add project"
    }, 
    "model": "auth.permission", 
    "pk": 34
  }, 
  {
    "fields": {
      "codename": "change_project", 
      "content_type": 12, 
      "name": "Can change project"
    }, 
    "model": "auth.permission", 
    "pk": 35
  }, 
  {
    "fields": {
      "codename": "delete_project", 
      "content_type": 12, 
      "name": "Can delete project"
    }, 
    "model": "auth.permission", 
    "pk": 36
  }, 
  {
    "fields": {
      "codename": "add_section", 
      "content_type": 13, 
      "name": "Can add section"
    }, 
    "model": "auth.permission", 
    "pk": 37
  }, 
  {
    "fields": {
      "codename": "change_section", 
      "content_type": 13, 
      "name": "Can change section"
    }, 
    "model": "auth.permission", 
    "pk": 38
  }, 
  {
    "fields": {
      "codename": "delete_section", 
      "content_type": 13, 
      "name": "Can delete section"
    }, 
    "model": "auth.permission", 
    "pk": 39
  }, 
  {
    "fields": {
      "name": "fontoberta", 
      "permissions": []
    }, 
    "model": "auth.group", 
    "pk": 1
  }, 
  {
    "fields": {
      "name": "photography", 
      "permissions": []
    }, 
    "model": "auth.group", 
    "pk": 2
  }, 
  {
    "fields": {
      "date_joined": "2018-09-18T07:32:45.650Z", 
      "email": "admin@fontoberta.com", 
      "first_name": "", 
      "groups": [], 
      "is_active": true, 
      "is_staff": true, 
      "is_superuser": true, 
      "last_login": "2018-09-18T14:27:13.481Z", 
      "last_name": "", 
      "password": "pbkdf2_sha256$100000$pwM5t3uiHiAH$lUlKdPZSaJ1XPkOXBnTzhTEvDIhV94qNFgaCW34mKb8=", 
      "user_permissions": [], 
      "username": "admin"
    }, 
    "model": "auth.user", 
    "pk": 1
  }, 
  {
    "fields": {
      "date_joined": "2018-09-18T07:35:18Z", 
      "email": "webmaster@fontoberta.com", 
      "first_name": "Fontoberta", 
      "groups": [
        1, 
        2
      ], 
      "is_active": true, 
      "is_staff": false, 
      "is_superuser": false, 
      "last_login": "2018-09-18T07:37:32.414Z", 
      "last_name": "Webmaster", 
      "password": "pbkdf2_sha256$100000$U2cxKFJ8YZY5$qpIcFxMBgX0Qk9lj6xSjPlp19LlfAXn5WoJX3aumGbI=", 
      "user_permissions": [], 
      "username": "webmaster"
    }, 
    "model": "auth.user", 
    "pk": 2
  }, 
  {
    "fields": {
      "date_joined": "2018-09-18T07:36:48Z", 
      "email": "photographer@fontoberta.com", 
      "first_name": "Fontoberta", 
      "groups": [
        2
      ], 
      "is_active": true, 
      "is_staff": false, 
      "is_superuser": false, 
      "last_login": "2018-09-18T07:58:44.932Z", 
      "last_name": "Photographer", 
      "password": "pbkdf2_sha256$100000$Tn9aCkvm4sKh$+vrAx2PqQm2fNDNZuvlOcqK+r5w2sF6MvQJ3bKk0FOA=", 
      "user_permissions": [], 
      "username": "photographer"
    }, 
    "model": "auth.user", 
    "pk": 3
  }, 
  {
    "fields": {
      "authorization_grant_type": "password", 
      "client_id": "YoYIt7U2Pplib7zyDt8XmFXVo0seTg0INYkmj3rn", 
      "client_secret": "lGlxkOQtcc7JWnYxsCpSYdNcap7OXvFl4A4rUVacXevheOXhtO7enDBiEfprxkpGWTkbk6IHpmFYDPq0kkVL54jTeEe2E5VX4LaWRAoREGnrEVzAlurOHdk2wR6EpCUb", 
      "client_type": "public", 
      "created": "2018-09-18T14:27:58.819Z", 
      "name": "demo", 
      "redirect_uris": "", 
      "skip_authorization": false, 
      "updated": "2018-09-18T14:27:58.819Z", 
      "user": 1
    }, 
    "model": "oauth2_provider.application", 
    "pk": 1
  }, 
  {
    "fields": {
      "created_by": 2, 
      "description": "Fontoberta public website", 
      "group": 1, 
      "name": "Fontoberta Website", 
      "slug": "website"
    }, 
    "model": "content.project", 
    "pk": 1
  }, 
  {
    "fields": {
      "created_by": 3, 
      "description": "Photography demo", 
      "group": 2, 
      "name": "Photography", 
      "slug": "photography"
    }, 
    "model": "content.project", 
    "pk": 2
  }, 
  {
    "fields": {
      "created_by": 2, 
      "is_gallery": false, 
      "name": "Home", 
      "project": 1, 
      "slug": "home"
    }, 
    "model": "content.section", 
    "pk": 1
  }, 
  {
    "fields": {
      "created_by": 2, 
      "is_gallery": false, 
      "name": "Languages", 
      "project": 1, 
      "slug": "languages"
    }, 
    "model": "content.section", 
    "pk": 2
  }, 
  {
    "fields": {
      "created_by": 2, 
      "is_gallery": false, 
      "name": "Services", 
      "project": 1, 
      "slug": "services"
    }, 
    "model": "content.section", 
    "pk": 3
  }, 
  {
    "fields": {
      "created_by": 2, 
      "is_gallery": false, 
      "name": "About Us", 
      "project": 1, 
      "slug": "about"
    }, 
    "model": "content.section", 
    "pk": 4
  }, 
  {
    "fields": {
      "created_by": 3, 
      "is_gallery": true, 
      "name": "Photo Gallery", 
      "project": 2, 
      "slug": "gallery"
    }, 
    "model": "content.section", 
    "pk": 5
  }, 
  {
    "fields": {
      "created_by": 2, 
      "image": "fontoberta/website/home/bg-color.jpg", 
      "name": "Background", 
      "section": 1, 
      "slug": "background"
    }, 
    "model": "content.imagecontent", 
    "pk": 1
  }, 
  {
    "fields": {
      "created_by": 2, 
      "image": "fontoberta/website/home/black.png", 
      "name": "Logo Black", 
      "section": 1, 
      "slug": "logoblack"
    }, 
    "model": "content.imagecontent", 
    "pk": 2
  }, 
  {
    "fields": {
      "created_by": 2, 
      "image": "fontoberta/website/home/white.png", 
      "name": "Logo White", 
      "section": 1, 
      "slug": "logowhite"
    }, 
    "model": "content.imagecontent", 
    "pk": 3
  }, 
  {
    "fields": {
      "created_by": 2, 
      "image": "fontoberta/website/languages/es.png", 
      "name": "Spanish", 
      "section": 2, 
      "slug": "spanish"
    }, 
    "model": "content.imagecontent", 
    "pk": 4
  }, 
  {
    "fields": {
      "created_by": 2, 
      "image": "fontoberta/website/languages/gb.jpeg", 
      "name": "English", 
      "section": 2, 
      "slug": "english"
    }, 
    "model": "content.imagecontent", 
    "pk": 5
  }, 
  {
    "fields": {
      "created_by": 2, 
      "image": "fontoberta/website/languages/ca.jpg", 
      "name": "Catalan", 
      "section": 2, 
      "slug": "catalan"
    }, 
    "model": "content.imagecontent", 
    "pk": 6
  }, 
  {
    "fields": {
      "created_by": 2, 
      "image": "fontoberta/website/services/backend.jpg", 
      "name": "Backend", 
      "section": 3, 
      "slug": "backend"
    }, 
    "model": "content.imagecontent", 
    "pk": 7
  }, 
  {
    "fields": {
      "created_by": 2, 
      "image": "fontoberta/website/services/frontend.jpg", 
      "name": "Frontend", 
      "section": 3, 
      "slug": "frontend"
    }, 
    "model": "content.imagecontent", 
    "pk": 8
  }, 
  {
    "fields": {
      "created_by": 2, 
      "image": "fontoberta/website/services/mobile.jpg", 
      "name": "Mobile", 
      "section": 3, 
      "slug": "mobile"
    }, 
    "model": "content.imagecontent", 
    "pk": 9
  }, 
  {
    "fields": {
      "created_by": 2, 
      "image": "fontoberta/website/about/paula.jpg", 
      "name": "Paula", 
      "section": 4, 
      "slug": "paula"
    }, 
    "model": "content.imagecontent", 
    "pk": 10
  }, 
  {
    "fields": {
      "created_by": 2, 
      "image": "fontoberta/website/about/wil.jpg", 
      "name": "Wil", 
      "section": 4, 
      "slug": "wil"
    }, 
    "model": "content.imagecontent", 
    "pk": 11
  }, 
  {
    "fields": {
      "created_by": 3, 
      "image": "photography/photography/gallery/IMG_20180520_191805855.jpg", 
      "name": "1", 
      "section": 5, 
      "slug": "1"
    }, 
    "model": "content.imagecontent", 
    "pk": 12
  }, 
  {
    "fields": {
      "created_by": 3, 
      "image": "photography/photography/gallery/IMG_20180520_180540522_LL.jpg", 
      "name": "2", 
      "section": 5, 
      "slug": "2"
    }, 
    "model": "content.imagecontent", 
    "pk": 13
  }, 
  {
    "fields": {
      "created_by": 3, 
      "image": "photography/photography/gallery/IMG_20180520_191813579.jpg", 
      "name": "3", 
      "section": 5, 
      "slug": "3"
    }, 
    "model": "content.imagecontent", 
    "pk": 14
  }, 
  {
    "fields": {
      "created_by": 3, 
      "image": "photography/photography/gallery/IMG_20180704_201206840.jpg", 
      "name": "4", 
      "section": 5, 
      "slug": "4"
    }, 
    "model": "content.imagecontent", 
    "pk": 15
  }, 
  {
    "fields": {
      "created_by": 3, 
      "image": "photography/photography/gallery/IMG_20180711_184842883_LL.jpg", 
      "name": "5", 
      "section": 5, 
      "slug": "5"
    }, 
    "model": "content.imagecontent", 
    "pk": 16
  }, 
  {
    "fields": {
      "created_by": 3, 
      "image": "photography/photography/gallery/IMG_20180712_063217156_BURST000_COVER_TOP.jpg", 
      "name": "6", 
      "section": 5, 
      "slug": "6"
    }, 
    "model": "content.imagecontent", 
    "pk": 17
  }, 
  {
    "fields": {
      "created_by": 3, 
      "image": "photography/photography/gallery/IMG_20180712_143855341.jpg", 
      "name": "7", 
      "section": 5, 
      "slug": "7"
    }, 
    "model": "content.imagecontent", 
    "pk": 18
  }, 
  {
    "fields": {
      "created_by": 3, 
      "image": "photography/photography/gallery/IMG_20180712_144048346_HDR.jpg", 
      "name": "8", 
      "section": 5, 
      "slug": "8"
    }, 
    "model": "content.imagecontent", 
    "pk": 19
  }, 
  {
    "fields": {
      "created_by": 3, 
      "image": "photography/photography/gallery/IMG_20180712_183424081.jpg", 
      "name": "9", 
      "section": 5, 
      "slug": "9"
    }, 
    "model": "content.imagecontent", 
    "pk": 20
  }, 
  {
    "fields": {
      "created_by": 3, 
      "image": "photography/photography/gallery/IMG_20180713_104414976.jpg", 
      "name": "10", 
      "section": 5, 
      "slug": "10"
    }, 
    "model": "content.imagecontent", 
    "pk": 21
  }, 
  {
    "fields": {
      "created_by": 3, 
      "image": "photography/photography/gallery/IMG_20180713_111700571.jpg", 
      "name": "11", 
      "section": 5, 
      "slug": "11"
    }, 
    "model": "content.imagecontent", 
    "pk": 22
  }, 
  {
    "fields": {
      "created_by": 3, 
      "image": "photography/photography/gallery/IMG_20180713_151105341.jpg", 
      "name": "12", 
      "section": 5, 
      "slug": "12"
    }, 
    "model": "content.imagecontent", 
    "pk": 23
  }, 
  {
    "fields": {
      "created_by": 3, 
      "image": "photography/photography/gallery/IMG_20180715_094400557.jpg", 
      "name": "13", 
      "section": 5, 
      "slug": "13"
    }, 
    "model": "content.imagecontent", 
    "pk": 24
  }, 
  {
    "fields": {
      "created_by": 3, 
      "image": "photography/photography/gallery/IMG_20180715_094714956.jpg", 
      "name": "14", 
      "section": 5, 
      "slug": "14"
    }, 
    "model": "content.imagecontent", 
    "pk": 25
  }, 
  {
    "fields": {
      "created_by": 3, 
      "image": "photography/photography/gallery/IMG_20180715_182057807_LL.jpg", 
      "name": "15", 
      "section": 5, 
      "slug": "15"
    }, 
    "model": "content.imagecontent", 
    "pk": 26
  }, 
  {
    "fields": {
      "created_by": 3, 
      "image": "photography/photography/gallery/IMG_20180717_174931508_HDR.jpg", 
      "name": "16", 
      "section": 5, 
      "slug": "16"
    }, 
    "model": "content.imagecontent", 
    "pk": 27
  }, 
  {
    "fields": {
      "created_by": 3, 
      "image": "photography/photography/gallery/IMG_20180717_180850229.jpg", 
      "name": "17", 
      "section": 5, 
      "slug": "17"
    }, 
    "model": "content.imagecontent", 
    "pk": 28
  }, 
  {
    "fields": {
      "created_by": 3, 
      "image": "photography/photography/gallery/IMG_20180717_183726479.jpg", 
      "name": "18", 
      "section": 5, 
      "slug": "18"
    }, 
    "model": "content.imagecontent", 
    "pk": 29
  }, 
  {
    "fields": {
      "created_by": 3, 
      "image": "photography/photography/gallery/IMG_20180718_071226419.jpg", 
      "name": "19", 
      "section": 5, 
      "slug": "19"
    }, 
    "model": "content.imagecontent", 
    "pk": 30
  }, 
  {
    "fields": {
      "created_by": 3, 
      "image": "photography/photography/gallery/IMG_20180720_102356326_HDR.jpg", 
      "name": "20", 
      "section": 5, 
      "slug": "20"
    }, 
    "model": "content.imagecontent", 
    "pk": 31
  }, 
  {
    "fields": {
      "created_by": 3, 
      "image": "photography/photography/gallery/IMG_20180720_211525615.jpg", 
      "name": "21", 
      "section": 5, 
      "slug": "21"
    }, 
    "model": "content.imagecontent", 
    "pk": 32
  }, 
  {
    "fields": {
      "action_flag": 1, 
      "action_time": "2018-09-18T07:34:10.161Z", 
      "change_message": "[{\"added\": {}}]", 
      "content_type": 3, 
      "object_id": "1", 
      "object_repr": "fontoberta", 
      "user": 1
    }, 
    "model": "admin.logentry", 
    "pk": 1
  }, 
  {
    "fields": {
      "action_flag": 1, 
      "action_time": "2018-09-18T07:34:30.315Z", 
      "change_message": "[{\"added\": {}}]", 
      "content_type": 3, 
      "object_id": "2", 
      "object_repr": "photography", 
      "user": 1
    }, 
    "model": "admin.logentry", 
    "pk": 2
  }, 
  {
    "fields": {
      "action_flag": 1, 
      "action_time": "2018-09-18T07:35:18.679Z", 
      "change_message": "[{\"added\": {}}]", 
      "content_type": 4, 
      "object_id": "2", 
      "object_repr": "webmaster", 
      "user": 1
    }, 
    "model": "admin.logentry", 
    "pk": 3
  }, 
  {
    "fields": {
      "action_flag": 2, 
      "action_time": "2018-09-18T07:36:02.810Z", 
      "change_message": "[{\"changed\": {\"fields\": [\"first_name\", \"last_name\", \"email\", \"groups\"]}}]", 
      "content_type": 4, 
      "object_id": "2", 
      "object_repr": "webmaster", 
      "user": 1
    }, 
    "model": "admin.logentry", 
    "pk": 4
  }, 
  {
    "fields": {
      "action_flag": 1, 
      "action_time": "2018-09-18T07:36:48.502Z", 
      "change_message": "[{\"added\": {}}]", 
      "content_type": 4, 
      "object_id": "3", 
      "object_repr": "photographer", 
      "user": 1
    }, 
    "model": "admin.logentry", 
    "pk": 5
  }, 
  {
    "fields": {
      "action_flag": 2, 
      "action_time": "2018-09-18T07:37:11.347Z", 
      "change_message": "[{\"changed\": {\"fields\": [\"first_name\", \"last_name\", \"email\", \"groups\"]}}]", 
      "content_type": 4, 
      "object_id": "3", 
      "object_repr": "photographer", 
      "user": 1
    }, 
    "model": "admin.logentry", 
    "pk": 6
  }
]
